,Country/Territory,Overall SCORE NEW
0,Argentina,27.828333333333333
1,Armenia,17.18
2,Australia,50.350833333333334
3,Austria,39.24875
4,Azerbaijan,21.715
5,Bahrain,24.03333333333333
6,Bangladesh,14.552222222222222
7,Belgium,46.257999999999996
8,Brazil,23.205434782608698
9,Brunei Darussalam,35.76
10,Bulgaria,25.364999999999995
11,Canada,45.65196428571429
12,Chile,22.536578947368422
13,China (Mainland),37.345
14,Colombia,25.16333333333333
15,Costa Rica,19.381666666666668
16,Croatia,17.108333333333334
17,Cuba,19.047500000000003
18,Cyprus,31.057499999999997
19,Czechia,23.95
20,Denmark,58.297000000000004
21,Dominican Republic,10.502500000000001
22,Ecuador,16.164285714285715
23,Egypt,17.6305
24,Estonia,30.173333333333332
25,Finland,42.55555555555556
26,France,35.76616666666666
27,Georgia,19.785
28,Germany,44.55170731707317
29,Ghana,21.585
30,Greece,27.16
31,Guatemala,12.295
32,Honduras,10.225
33,"Hong Kong SAR, China",61.95111111111112
34,Hungary,21.472500000000004
35,Iceland,29.975000000000005
36,India,27.438875000000003
37,Indonesia,22.564038461538466
38,Iran (Islamic Republic of),33.131875
39,Iraq,16.2775
40,Ireland,45.3925
41,Israel,39.62583333333334
42,Italy,30.599883720930233
43,Japan,28.720425531914895
44,Jordan,20.006666666666668
45,Kazakhstan,23.248611111111114
46,Kuwait,25.168333333333333
47,Kyrgyzstan,17.631666666666664
48,Latvia,18.62875
49,Lebanon,28.585625
50,Libya,8.835
51,Lithuania,24.994
52,Luxembourg,40.275
53,"Macao SAR, China",34.60166666666667
54,Malaysia,33.18338709677419
55,Malta,25.110000000000003
56,Mexico,19.82477272727273
57,Morocco,13.370000000000001
58,Netherlands,61.824615384615385
59,New Zealand,51.4925
60,Nigeria,12.555
61,Northern Cyprus,24.2325
62,Norway,47.655
63,Oman,27.2925
64,Pakistan,24.660384615384615
65,Palestine,15.851249999999999
66,Panama,11.0075
67,Paraguay,13.65
68,Peru,16.225
69,Philippines,25.236666666666668
70,Poland,22.42825
71,Portugal,36.388333333333335
72,Puerto Rico,17.225
73,Qatar,58.915
74,Republic of Korea,30.775348837209307
75,Romania,15.12611111111111
76,Russian Federation,23.19875
77,Saudi Arabia,29.688636363636363
78,Serbia,24.65
79,Singapore,73.52666666666666
80,Slovakia,18.655833333333334
81,Slovenia,21.735000000000003
82,South Africa,39.015
83,Spain,31.57986111111111
84,Sri Lanka,17.240000000000002
85,Sweden,60.164375
86,Switzerland,57.553999999999995
87,Syrian Arab Republic,12.21
88,Taiwan,27.95607142857143
89,Thailand,21.503333333333334
90,Tunisia,17.259999999999998
91,Turkey,22.221923076923076
92,Uganda,18.07
93,Ukraine,17.281
94,United Arab Emirates,37.285000000000004
95,United Kingdom,42.82238888888889
96,United States of America,36.45723404255319
97,Uruguay,22.525000000000002
98,Uzbekistan,19.51928571428572
99,Venezuela (Bolivarian Republic of),16.33125
100,Vietnam,18.586666666666666
