,Country/Territory,University_count
0,United States of America,71
1,United Kingdom,46
2,China (Mainland),33
3,Germany,30
4,Australia,28
5,Canada,19
6,Italy,15
7,Spain,15
8,France,14
9,Japan,13
10,Netherlands,13
11,Republic of Korea,13
12,Malaysia,10
13,India,9
14,Russian Federation,9
15,New Zealand,8
16,Switzerland,8
17,Sweden,8
18,Taiwan,8
19,Finland,7
20,Belgium,7
21,United Arab Emirates,6
22,Ireland,6
23,"Hong Kong SAR, China",6
24,Turkey,6
25,Saudi Arabia,5
26,Indonesia,5
27,South Africa,5
28,Austria,5
29,Denmark,5
30,Portugal,5
31,Brazil,4
32,Israel,4
33,Iran (Islamic Republic of),4
34,Poland,3
35,Norway,3
36,Colombia,3
37,Chile,3
38,Kazakhstan,3
39,Czechia,3
40,"Macao SAR, China",2
41,Mexico,2
42,Argentina,2
43,Jordan,2
44,Greece,2
45,Egypt,2
46,Singapore,2
47,Thailand,2
48,Pakistan,2
49,Qatar,2
50,Estonia,1
51,Brunei Darussalam,1
52,Cyprus,1
53,Costa Rica,1
54,Philippines,1
55,Peru,1
56,Oman,1
57,Lithuania,1
58,Lebanon,1
59,Luxembourg,1
60,Uzbekistan,1
61,Vietnam,1
